{"cameraMode":{"drawMode":0,"name":"Shaded","section":"Shading Mode"},"sceneLighting":true,"audioPlay":false,"sceneViewState":{"showFog":true,"showMaterialUpdate":false,"showSkybox":true,"showFlares":true,"showImageEffects":true,"showParticleSystems":true},"in2DMode":false,"pivot":{"x":-129.22528076171876,"y":-100.56021881103516,"z":-94.3428726196289},"rotation":{"x":0.12190363556146622,"y":-0.8569480180740356,"z":0.2366192638874054,"w":0.4415549337863922},"size":103.70426177978516,"orthographic":false}